customer_id,country,age_range,signup_date
645,Portugal,26-35,2025-01-06
187,France,26-35,2025-04-12
220,Germany,26-35,2025-01-30
36,France,26-35,2025-03-12
CUST-199,Italy,36-45,2025-02-23
795-X,,,
673,Germany,36-45,2025-04-16
10,Germany,16-25,2024-03-12
CUST-940,Italy,46-55,2024-09-20
763,Spain,26-35,2024-02-29
914,Spain,26-35,2025-03-29
301,France,26-35,2025-03-24
467,Spain,26-35,
923,Italy,46-55,2025-03-18
790,France,16-25,2025-04-26
284,Italy,16-25,2025-03-27
945,Germany,16-25,2024-10-03
854,Portugal,36-45,2025-02-24
4,Italy,36-45,2025-03-11
957,France,16-25,2025-01-18
159,Spain,26-35,2024-12-05
805,Germany,26-35,2025-02-21
473,France,16-25,2025-02-08
183,Netherlands,46-55,2025-03-06
839,Germany,36-45,2025-01-29
111,Spain,46-55,2024-11-02
561,France,26-35,2025-03-24
134,Germany,36-45,2024-06-15
86,Netherlands,46-55,2025-04-09
1,France,56-65,2025-04-24
61,Spain,46-55,2024-10-20
124,,36-45,2025-04-15
474,France,36-45,2025-03-28
349,Germany,26-35,2025-03-20
184,France,46-55,2025-04-11
906,Netherlands,46-55,2025-05-03
84,Netherlands,46-55,2024-06-18
CUST-689,Spain,56-65,2025-03-19
855,Spain,16-25,2025-03-12
CUST-256,Italy,16-25,
466,Germany,16-25,2024-10-10
62,Spain,56-65,2025-03-30
370,Netherlands,26-35,2025-01-23
418,France,36-45,2025-02-15
CUST-82,France,,2024-02-18
706,France,36-45,2025-04-26
7,France,46-55,2024-09-27
485,Netherlands,36-45,2025-02-11
354,Germany,36-45,2025-02-05
316,France,36-45,2025-02-15
854,Portugal,36-45,2025-02-24
204-X,,,2025-05-03
293,Italy,56-65,2024-11-22
581,Germany,56-65,2025-05-27
765,Spain,56-65,2025-01-03
326,Italy,26-35,2025-06-09
CUST-762-X,,36-45,2025-03-25
406,,36-45,2024-12-17
705-X,Spain,26-35,2025-02-23
504-X,Netherlands,,2025-04-21
936,Netherlands,26-35,2025-02-12
712,Germany,36-45,2024-05-26
554,France,56-65,2025-02-22
943,Italy,56-65,2025-03-02
302,Germany,56-65,2025-03-13
694,Netherlands,46-55,2024-09-08
657,Italy,26-35,2025-03-16
228,Germany,,2024-06-10
CUST-960,Germany,56-65,2025-01-13
CUST-706,,36-45,2025-04-26
552,,46-55,2024-11-13
381,Germany,26-35,2025-01-27
700,Portugal,16-25,2025-03-08
837,Germany,46-55,2025-03-02
320,Italy,46-55,2024-01-28
168,France,36-45,2025-01-23
459,France,46-55,2025-04-18
208,France,36-45,2025-02-02
171,Italy,16-25,2025-01-23
15,Netherlands,26-35,2025-04-05
560,Germany,26-35,2025-04-10
395,Spain,26-35,2025-01-14
99,Spain,36-45,2025-03-17
315,Netherlands,46-55,2024-09-17
734,Netherlands,46-55,2025-03-28
410,Spain,16-25,2024-08-28
175,Germany,16-25,2025-03-30
126,Netherlands,26-35,2025-02-01
735,France,26-35,2025-04-02
CUST-770,Portugal,36-45,2025-03-28
22,Germany,36-45,2025-03-03
558,Italy,46-55,2024-09-24
159,Spain,26-35,
14,Germany,46-55,
CUST-379,,46-55,2025-04-03
CUST-437-X,Italy,36-45,2024-01-13
756,France,56-65,2024-05-23
949,Spain,56-65,2024-04-06
738,,,
CUST-358,Germany,36-45,2024-04-10
288,Italy,36-45,2025-02-05
953,France,,2025-03-02
606,Germany,36-45,2024-06-20
767,Netherlands,36-45,2025-05-01
873,France,16-25,2025-04-01
593,France,26-35,2025-03-11
30,Germany,26-35,2024-08-02
106,Germany,36-45,2025-05-04
35,France,26-35,2025-04-28
567-X,,26-35,2025-04-19
386,France,36-45,2025-03-28
215,Netherlands,56-65,2025-02-03
87,Italy,46-55,2024-09-27
98,France,26-35,2024-02-20
640,France,26-35,2025-01-20
650,Italy,,2024-04-07
144,Germany,46-55,
892,Germany,46-55,2025-03-16
636,Spain,56-65,2025-03-18
730,Spain,16-25,2025-02-16
129,France,26-35,2025-03-27
358,Germany,36-45,2024-04-10
68,Italy,46-55,
756,France,56-65,2024-05-23
383,France,46-55,2024-01-15
282-X,Italy,16-25,2024-02-10
654,Italy,56-65,2025-05-05
46,Germany,56-65,2025-04-26
238,France,16-25,2024-12-16
120,Germany,46-55,2025-04-26
832,Italy,16-25,2025-03-04
415,France,36-45,2025-03-08
823,Germany,,2025-05-10
CUST-995-X,Germany,56-65,2024-02-15
510-X,France,16-25,2025-03-18
728,Netherlands,56-65,2025-04-02
870,Italy,36-45,2024-12-03
634,Portugal,46-55,2025-03-03
286,Italy,26-35,2024-06-05
992,Italy,36-45,2025-05-14
160,Germany,56-65,2025-02-12
754,Spain,26-35,2025-01-20
626,Italy,36-45,2025-02-19
145,Italy,16-25,2024-09-21
136,Germany,16-25,2024-09-30
692,France,56-65,2025-05-05
253,France,26-35,
298,Germany,16-25,2025-05-03
CUST-974,Italy,26-35,
519,Italy,16-25,2025-02-10
510,France,16-25,2025-03-18
977,Italy,56-65,2024-01-04
695,Spain,56-65,2025-02-17
365,France,56-65,2025-03-24
611,Spain,36-45,2025-04-18
783,Italy,36-45,2025-03-03
572,Netherlands,56-65,2025-02-06
668,Spain,26-35,2024-04-06
765,Spain,,2025-01-03
141,Italy,56-65,2024-01-14
738,Netherlands,26-35,2025-03-16
495,Germany,36-45,2024-07-08
362,Spain,56-65,2024-05-10
799,France,36-45,2024-10-30
363,Netherlands,56-65,2024-09-13
547-X,France,36-45,
152,France,26-35,2025-02-27
212-X,Spain,46-55,2024-02-23
CUST-687,France,26-35,2025-05-09
766,Spain,56-65,2024-01-02
CUST-518,Germany,46-55,
633,Spain,56-65,2025-03-11
613,Netherlands,16-25,2025-05-12
91,Netherlands,16-25,2025-04-02
677,Portugal,36-45,2025-03-12
75,Italy,46-55,2025-02-21
526,France,26-35,2024-09-15
413,France,16-25,2025-04-29
616,Germany,46-55,2024-06-08
543,Germany,36-45,2024-06-08
CUST-483,Netherlands,,2025-03-21
31,France,46-55,2024-11-26
582,France,36-45,2025-03-15
770-X,Portugal,36-45,
954,Portugal,26-35,2025-02-19
210,Spain,26-35,2024-01-02
691,Italy,46-55,2025-04-04
244,Netherlands,36-45,2025-03-13
707,France,46-55,2025-02-06
541,France,56-65,2025-04-17
265,Italy,46-55,2025-03-29
719,Italy,26-35,2025-02-20
498,France,46-55,2024-08-12
841,Spain,56-65,2025-03-03
662,Italy,36-45,2025-03-05
303,Germany,46-55,2024-03-03
818,France,46-55,2025-03-05
289,Netherlands,46-55,2025-04-30
686,Netherlands,16-25,2025-04-11
337,Spain,46-55,2024-08-03
279,France,36-45,2025-04-09
658,Italy,36-45,2025-03-08
236-X,Netherlands,46-55,2024-09-26
723,Italy,56-65,2024-02-08
CUST-597-X,Netherlands,36-45,
295,France,16-25,2024-01-09
981,Spain,26-35,2025-04-29
730,Spain,16-25,2025-02-16
180,Germany,56-65,2025-02-13
155,Germany,26-35,2025-02-19
235-X,Italy,56-65,2025-04-08
19,Germany,56-65,2025-02-14
251,Italy,16-25,2024-07-31
683,France,36-45,2024-05-27
468,Germany,36-45,2024-01-28
575,Netherlands,26-35,2025-04-15
92,,46-55,2025-03-14
447,France,26-35,2025-03-19
624,Spain,36-45,2025-03-11
633,Spain,56-65,2025-03-11
,Italy,46-55,2025-03-15
28,Spain,16-25,2025-04-02
,Germany,26-35,2025-02-21
CUST-905-X,,,2025-01-26
871,Netherlands,,
347,Netherlands,36-45,2024-06-20
857,Germany,36-45,2025-04-21
228,Germany,36-45,2024-06-10
605,Spain,26-35,2025-03-24
996,Germany,16-25,2025-05-08
307,Italy,56-65,2024-03-21
471,Netherlands,56-65,2025-03-11
CUST-555,Spain,26-35,2024-02-21
254,Italy,36-45,2025-04-21
,Netherlands,36-45,2025-04-07
542,France,46-55,2025-01-08
886,Italy,36-45,2024-07-26
699,Netherlands,56-65,2025-02-25
CUST-929-X,,26-35,2025-01-11
111,Spain,46-55,2024-11-02
455,Netherlands,36-45,2025-04-07
341,,16-25,2025-04-20
420-X,Germany,,2025-03-07
758,Portugal,36-45,2025-03-15
105,Italy,26-35,2024-08-31
,Portugal,36-45,2024-10-20
132,France,46-55,2025-02-26
641,Spain,36-45,2025-03-21
905,Spain,36-45,2025-01-26
355,Spain,36-45,2025-03-24
984,Netherlands,16-25,2024-02-18
CUST-281,Germany,46-55,2025-01-14
785,France,56-65,2025-03-18
26,Netherlands,,
993,Germany,16-25,2025-04-17
CUST-533-X,Spain,46-55,2024-06-13
862,France,36-45,2024-12-14
235,Italy,56-65,2025-04-08
241,Spain,46-55,2025-03-27
833,Portugal,56-65,2025-03-07
104,Netherlands,56-65,2025-03-20
327,France,26-35,2025-01-31
CUST-680-X,Spain,56-65,2024-09-15
777,Spain,36-45,2025-05-02
997,Italy,56-65,2025-03-29
178,Netherlands,46-55,2025-03-03
,Spain,46-55,2024-06-13
646,Spain,56-65,2025-02-17
630-X,,16-25,2024-05-02
255,Spain,26-35,2024-07-26
68,Italy,46-55,2024-10-03
333,Netherlands,16-25,2024-02-17
542,France,46-55,2025-01-08
407,Italy,16-25,2025-02-22
360,France,16-25,2025-03-06
414,Germany,46-55,2025-03-29
595,Italy,26-35,2024-08-12
412,France,46-55,2024-02-21
934,Portugal,26-35,2024-08-17
627,Netherlands,36-45,2024-07-21
440,,16-25,2024-06-08
302-X,Germany,56-65,2025-03-13
137,France,16-25,2025-01-22
695-X,Spain,56-65,2025-02-17
390,Germany,46-55,2025-03-26
223,Germany,16-25,2025-03-27
882,Spain,56-65,2024-06-11
546,France,36-45,2024-08-20
619,Italy,26-35,2025-02-19
671,Netherlands,26-35,2024-05-03
305,Germany,46-55,2025-02-09
353,Germany,36-45,2024-02-04
622-X,Netherlands,,2024-11-19
670,Italy,36-45,2025-04-21
775,Portugal,16-25,2024-10-30
547,France,36-45,2025-05-22
403,Germany,26-35,
596,Italy,26-35,2025-05-15
253,,26-35,
795,Germany,,2025-05-13
578,Germany,16-25,2025-04-03
574,Italy,16-25,2025-04-25
707,France,46-55,2025-02-06
588,Portugal,56-65,2025-04-12
66,Italy,56-65,2024-07-10
752,Italy,56-65,
54,Italy,26-35,2025-02-13
377,Spain,16-25,2025-02-03
348,Germany,36-45,2025-02-19
379,Germany,46-55,2025-04-03
197,France,56-65,2024-03-21
56,Italy,16-25,2024-09-14
971,France,16-25,2024-05-26
689,Spain,56-65,2025-03-19
192,Spain,46-55,2025-03-03
76,,56-65,2025-02-17
988,Portugal,16-25,2025-02-23
851,France,46-55,2025-03-21
242,Netherlands,46-55,2025-04-11
749,Spain,56-65,2025-03-28
617,Netherlands,26-35,2025-03-30
113,Germany,26-35,2025-02-28
47,Germany,26-35,2025-04-07
113,,26-35,2025-02-28
794,Italy,56-65,2024-04-08
889,Germany,26-35,2024-06-09
825-X,Netherlands,26-35,2025-02-09
591,Germany,36-45,2024-02-23
74,France,36-45,2025-06-06
935,Italy,46-55,2025-01-14
635,Portugal,36-45,2024-10-20
285,France,16-25,2025-02-10
432,Germany,36-45,2025-01-22
18,France,36-45,2025-03-03
434,France,16-25,2024-02-05
693,Netherlands,26-35,2025-03-13
130,Germany,16-25,2025-02-24
868-X,,16-25,
37,Netherlands,46-55,2025-03-02
90,Germany,36-45,2025-04-14
206,Spain,36-45,2025-04-29
218,Germany,16-25,2025-03-19
594,Spain,56-65,2024-08-11
751,France,56-65,2025-04-17
148,Netherlands,26-35,2025-03-03
40,Spain,56-65,2024-04-09
831-X,Germany,,2025-04-21
793,Italy,36-45,2025-05-10
933,Italy,36-45,2024-02-07
972,France,26-35,2025-03-11
753,Netherlands,36-45,2024-09-19
451,France,36-45,2025-05-09
269,Spain,36-45,2025-02-27
697,Germany,56-65,2025-03-31
711,France,16-25,2025-05-04
951,Portugal,26-35,2025-02-19
760,Portugal,56-65,2024-04-21
764,France,26-35,2025-05-12
664-X,France,56-65,2025-04-18
819,Italy,46-55,2025-03-06
501,Italy,36-45,2025-03-19
CUST-710,,36-45,2025-02-05
291,Germany,16-25,2024-03-05
258,Netherlands,46-55,2025-05-26
522,Spain,16-25,2025-02-12
806,Italy,26-35,2025-05-02
603-X,Germany,,2024-02-22
752,Italy,,2025-04-08
26,Netherlands,46-55,2024-05-01
946,France,16-25,2025-04-03
672,Germany,56-65,2025-01-23
41,Germany,36-45,2025-04-06
819,Italy,46-55,2025-03-06
976,Italy,26-35,2025-04-30
963,Germany,46-55,2025-03-25
252,Italy,16-25,2025-03-02
31,France,46-55,
883,Italy,56-65,2025-03-29
182,France,46-55,2025-03-22
445,Italy,46-55,2025-03-25
795,Germany,36-45,2025-05-13
724,France,56-65,2024-12-03
227,,46-55,2025-04-23
484,,56-65,2025-04-26
782,Italy,56-65,2025-03-28
117,Germany,56-65,2025-03-27
654-X,,56-65,2025-05-05
808,Netherlands,26-35,2024-05-10
357,Italy,36-45,2025-02-20
25,Italy,36-45,2025-03-24
378,France,56-65,2024-10-09
174,Germany,26-35,2025-05-27
467-X,Spain,26-35,2025-06-09
587,Germany,36-45,2025-05-09
131,Germany,46-55,2025-03-28
467,Spain,26-35,2025-06-09
423,Italy,16-25,2025-01-22
912,Germany,56-65,2025-02-24
842,Italy,46-55,2025-02-17
CUST-379,,46-55,2025-04-03
CUST-785,France,56-65,
108,France,46-55,2024-11-15
115,Germany,56-65,2025-03-24
483,Netherlands,16-25,2025-03-21
CUST-750-X,Spain,,2025-04-10
127,Netherlands,56-65,2025-05-02
245,France,26-35,2024-08-02
464,Germany,36-45,2025-04-14
705,Spain,26-35,2025-02-23
770,Portugal,36-45,2025-03-28
173,Germany,26-35,2025-02-04
649,Italy,56-65,2025-02-23
690,Spain,46-55,2025-04-30
898,Italy,36-45,2025-02-28
494,Italy,36-45,2024-08-18
157,Italy,56-65,2025-05-11
123,Italy,26-35,2025-03-19
248,Germany,46-55,2024-09-08
CUST-889-X,Germany,,2024-06-09
669,Netherlands,36-45,2024-07-19
11,France,16-25,2024-07-07
401,France,26-35,2025-04-19
811,France,26-35,2025-01-22
CUST-624-X,,36-45,2025-03-11
63,Netherlands,16-25,2025-04-28
754,Spain,26-35,2025-01-20
236,Netherlands,46-55,2024-09-26
143,Netherlands,56-65,2025-05-19
190,Italy,26-35,2025-03-23
681,Germany,16-25,2025-02-07
752,Italy,56-65,2025-04-08
809,France,36-45,2025-02-07
608,France,26-35,2025-02-12
23,France,56-65,2025-02-09
240,Netherlands,26-35,2024-09-27
61,,46-55,
,Portugal,56-65,2025-04-04
12,Germany,46-55,2025-06-11
874,Spain,16-25,2024-07-12
241-X,Spain,46-55,2025-03-27
128,Netherlands,56-65,2025-03-09
721,Netherlands,16-25,2025-02-27
282,Italy,16-25,2024-02-10
CUST-411-X,Germany,,2025-04-13
798,Portugal,46-55,2025-03-14
301,France,26-35,2025-03-24
725,Spain,36-45,2025-04-14
53,Italy,46-55,2025-05-12
1000,Spain,56-65,2024-01-06
277,Italy,16-25,2025-02-26
878,Germany,26-35,2025-03-29
140,France,16-25,2024-11-11
942,Italy,36-45,2024-01-27
676,Portugal,26-35,2025-04-26
334,France,16-25,2025-02-10
CUST-957-X,France,16-25,
CUST-124,France,,
621,Italy,36-45,2024-09-03
980,Italy,26-35,2024-07-10
902,,16-25,
728,Netherlands,56-65,2025-04-02
417,Spain,36-45,2025-03-03
461,Germany,26-35,2025-03-27
CUST-548,Germany,,2025-03-09
226,Netherlands,16-25,2025-02-16
CUST-407-X,Italy,,2025-02-22
718,Italy,16-25,2025-04-01
432,Germany,36-45,
110,Spain,36-45,2024-05-10
585,Portugal,16-25,2024-04-22
704,Germany,16-25,2025-04-10
98,France,26-35,2024-02-20
385,Germany,46-55,2025-04-11
532,France,26-35,2024-11-13
218,Germany,16-25,2025-03-19
341,France,16-25,2025-04-20
72-X,Spain,36-45,2025-02-20
79,Spain,16-25,2024-08-23
664,France,56-65,2025-04-18
501,Italy,36-45,2025-03-19
706-X,France,36-45,2025-04-26
521,France,46-55,2025-03-18
424,Italy,36-45,2024-08-09
296,France,16-25,2025-06-02
680,Spain,56-65,2024-09-15
343,France,26-35,2024-10-19
400,Netherlands,16-25,2025-02-16
448,France,26-35,2024-03-26
998,France,36-45,2025-01-07
CUST-897,France,56-65,
649,Italy,,2025-02-23
910,Portugal,46-55,2024-07-13
375,Germany,36-45,2025-02-28
CUST-48-X,Germany,56-65,2025-03-22
144,Germany,46-55,2025-03-09
344,Netherlands,16-25,2025-04-03
53,Italy,46-55,
637,Portugal,56-65,2024-10-06
CUST-204-X,,16-25,2025-05-03
409,Netherlands,46-55,2024-08-18
325,Germany,36-45,2025-03-26
710,France,36-45,2025-02-05
CUST-449,Italy,46-55,2024-10-10
201,France,36-45,2025-04-14
48,Germany,56-65,2025-03-22
281,Germany,46-55,2025-01-14
706,France,36-45,2025-04-26
922,Spain,16-25,
812,Spain,56-65,2024-02-23
391,Spain,36-45,2024-02-11
302,Germany,,2025-03-13
869,Netherlands,56-65,2025-03-09
CUST-151-X,Spain,56-65,2025-04-02
964,Spain,26-35,2025-01-01
249,Netherlands,46-55,2024-07-08
871,Netherlands,26-35,2025-04-08
85,,56-65,2024-07-06
778,Italy,56-65,2024-09-10
392,Netherlands,36-45,2025-02-20
318,France,46-55,2025-02-20
953,France,16-25,2025-03-02
907,Spain,46-55,2025-03-11
172,Italy,26-35,2025-01-31
787,Italy,46-55,2025-02-19
205,Netherlands,26-35,2024-12-25
200,Italy,26-35,2024-02-19
644,Portugal,36-45,2024-11-20
373,Spain,56-65,2025-02-25
499,France,36-45,2025-05-06
189,Germany,46-55,2025-04-19
103,France,56-65,2025-02-17
713,France,36-45,2024-05-27
130,Germany,16-25,2025-02-24
509,Netherlands,36-45,2025-01-29
609,Italy,56-65,2025-02-13
CUST-309,Spain,46-55,2025-04-18
158,Netherlands,26-35,2025-05-21
60,Italy,56-65,2025-02-17
974,Italy,26-35,2025-06-02
962,Portugal,56-65,2025-04-04
13,Netherlands,56-65,2024-01-21
CUST-345,Netherlands,36-45,2024-04-08
159,Spain,26-35,2024-12-05
402,Italy,16-25,2025-04-29
840,Germany,36-45,2025-04-18
272,Netherlands,56-65,2025-05-25
915,Spain,56-65,2025-03-18
773-X,Spain,46-55,2025-04-06
914,Spain,26-35,2025-03-29
969,Portugal,16-25,2024-10-30
620,Netherlands,56-65,2025-04-20
807,Germany,16-25,2025-04-14
542,France,46-55,2025-01-08
849,Italy,56-65,2025-05-25
922,Spain,16-25,2025-04-25
674,Netherlands,26-35,2024-07-05
219,Netherlands,46-55,2024-07-09
804,Italy,26-35,2025-05-05
516,Germany,36-45,2025-03-27
97,Germany,26-35,2025-03-21
625,Portugal,46-55,2025-01-28
275,Germany,26-35,2024-08-04
888,Spain,16-25,2024-06-17
864,Netherlands,36-45,2025-03-27
188,France,46-55,2025-02-22
891,Portugal,46-55,
877,France,,2025-05-13
732,Germany,16-25,2024-05-08
CUST-455,Netherlands,36-45,
544,Germany,26-35,2024-04-05
396,Netherlands,36-45,2025-04-07
179,Netherlands,46-55,2024-09-20
563,Netherlands,46-55,2025-04-06
877-X,France,26-35,2025-05-13
81,Germany,46-55,2025-04-03
69,Germany,16-25,2025-05-21
428,Spain,56-65,2025-04-18
186,Netherlands,46-55,2025-03-27
155,Germany,26-35,2025-02-19
133,France,36-45,2025-01-07
472,France,36-45,2025-03-16
399,Italy,,2024-06-27
CUST-574-X,Italy,16-25,
628,France,46-55,2025-02-21
612,Italy,36-45,2025-02-06
533,Spain,46-55,2024-06-13
55,France,26-35,2024-11-04
659,Portugal,46-55,2025-03-19
816,Netherlands,16-25,2025-02-04
32,Netherlands,16-25,2024-03-28
647,France,16-25,2025-05-23
384,Germany,16-25,2025-04-22
280,Germany,26-35,2025-02-15
CUST-348,Germany,36-45,
815,Spain,26-35,2024-06-09
336,Italy,46-55,2025-02-16
913-X,,,2025-01-27
456-X,Italy,26-35,2025-01-31
768,France,36-45,2025-01-19
505,Germany,26-35,2025-03-28
195,France,56-65,2025-02-28
340,Italy,46-55,2025-03-18
455,Netherlands,36-45,
771,Portugal,16-25,2025-02-21
486,Netherlands,56-65,2024-11-26
693-X,Netherlands,,
567,Netherlands,26-35,2025-04-19
921,Italy,46-55,2025-05-03
371,Netherlands,36-45,2025-02-01
350,France,36-45,2025-02-27
CUST-671,Netherlands,26-35,2024-05-03
155-X,,26-35,2025-02-19
213,France,26-35,2024-04-15
763,Spain,26-35,2024-02-29
400-X,,16-25,2025-02-16
507,France,56-65,2025-01-11
345,Netherlands,36-45,2024-04-08
458,Italy,56-65,2024-03-02
891,Portugal,46-55,2025-03-28
366,France,26-35,2024-08-05
810,Netherlands,26-35,2024-05-31
492,Germany,26-35,2025-02-27
898,Italy,,2025-02-28
9,Spain,46-55,2025-03-07
398,Spain,16-25,2025-01-26
618,Netherlands,16-25,2024-07-16
92,Italy,46-55,2025-03-14
748,Netherlands,46-55,2025-03-09
525,Italy,16-25,2025-04-23
966,France,46-55,2025-03-28
823,Germany,46-55,2025-05-10
843,France,16-25,2025-03-24
831,Germany,36-45,2025-04-21
622,Netherlands,26-35,2024-11-19
526-X,,26-35,2024-09-15
124,France,36-45,2025-04-15
929,Netherlands,26-35,2025-01-11
CUST-38,,,2025-06-03
419,Spain,36-45,2025-03-28
319,Germany,46-55,2024-02-10
202-X,Netherlands,,2025-05-16
139,Germany,16-25,2025-02-26
94,France,16-25,2025-04-04
229-X,,46-55,2024-07-20
493,Germany,56-65,2025-02-17
904,Germany,26-35,2025-01-18
887,Italy,,2025-03-20
784,Netherlands,56-65,2024-02-06
750,Spain,46-55,2025-04-10
422,Netherlands,46-55,2025-02-25
677,,36-45,2025-03-12
149,Netherlands,26-35,2024-02-22
854-X,,,2025-02-24
801,Netherlands,46-55,2025-01-27
487,Germany,16-25,2024-05-07
89,France,26-35,2024-07-08
39,France,36-45,2025-04-05
359,France,16-25,2025-03-31
937,France,46-55,2024-12-30
875,Italy,36-45,2024-11-05
592-X,,,2024-12-08
811-X,France,,2025-01-22
449,Italy,46-55,2024-10-10
93,Italy,26-35,2025-03-21
603,Germany,16-25,2024-02-22
CUST-412,,46-55,2024-02-21
788,Germany,16-25,2024-01-09
138,France,56-65,2024-03-29
877,France,26-35,2025-05-13
225,France,26-35,2025-03-12
919,Spain,36-45,2024-06-24
380,Italy,46-55,2025-03-15
569,France,36-45,2025-03-18
528,Spain,36-45,2024-07-16
224,France,36-45,2024-02-13
504,,16-25,2025-04-21
,Netherlands,16-25,2025-04-28
CUST-18-X,France,,2025-03-03
42,Spain,46-55,2025-04-19
703,Germany,16-25,2025-03-30
579,France,46-55,2024-04-22
899,Germany,26-35,2024-10-03
762,Spain,36-45,2025-03-25
989,Spain,46-55,2024-06-20
245,France,26-35,2024-08-02
427,Spain,26-35,2025-03-26
976,,26-35,2025-04-30
773,Spain,46-55,2025-04-06
506,France,26-35,2025-05-22
406,Spain,36-45,2024-12-17
855-X,Spain,16-25,2025-03-12
931,France,46-55,2024-06-06
630,Portugal,16-25,2024-05-02
745-X,Italy,46-55,2025-04-10
262,Netherlands,26-35,2024-02-22
290,Italy,16-25,2024-10-27
47,,26-35,2025-04-07
58,Germany,46-55,2025-04-11
126,Netherlands,26-35,2025-02-01
246,Spain,26-35,2025-05-02
163,Italy,16-25,2025-03-18
643,Portugal,,2025-02-26
310,Spain,56-65,2024-06-11
352,Netherlands,46-55,2024-08-01
312,Germany,46-55,2024-10-15
CUST-17,,26-35,2025-04-17
734-X,Netherlands,46-55,2025-03-28
800,Netherlands,36-45,2025-05-02
80,Netherlands,56-65,2024-12-10
147,Germany,36-45,2025-02-13
907,,46-55,2025-03-11
322,Netherlands,26-35,2024-05-14
CUST-748-X,Netherlands,,
158,Netherlands,26-35,
335,Germany,16-25,2024-03-02
403,Germany,26-35,2025-03-24
635,Portugal,36-45,2024-10-20
813,Germany,26-35,2025-02-23
70,Germany,26-35,2025-03-11
796,Netherlands,16-25,2025-03-03
569,France,36-45,
658-X,Italy,36-45,2025-03-08
733,Germany,26-35,2025-04-02
96,Italy,36-45,2025-02-15
916,Spain,36-45,2025-04-25
CUST-594-X,Spain,56-65,2024-08-11
338,Spain,26-35,2025-04-04
436,Germany,26-35,2025-03-10
653,Portugal,36-45,2025-05-12
744-X,Italy,36-45,2025-02-18
703,Germany,16-25,2025-03-30
465,Germany,26-35,2024-05-13
228,,36-45,2024-06-10
538,Netherlands,46-55,2025-04-01
361,Netherlands,26-35,2025-03-29
563-X,Netherlands,46-55,2025-04-06
601,Germany,56-65,2025-04-13
774,Portugal,46-55,2025-05-21
,Netherlands,46-55,2025-03-19
154,France,36-45,2025-01-16
CUST-785-X,France,56-65,2025-03-18
146,Italy,56-65,2024-12-11
388,France,26-35,2025-04-09
779,Netherlands,36-45,2025-04-12
827,France,46-55,2025-04-21
416,France,46-55,2025-04-01
743,Netherlands,16-25,2025-05-04
650,Italy,36-45,2024-04-07
346,Italy,56-65,2025-01-26
552,France,46-55,2024-11-13
742,Portugal,56-65,2024-05-30
600,Italy,36-45,2024-05-09
469,Italy,26-35,2025-04-02
294,Italy,16-25,2025-05-18
928,Netherlands,36-45,2025-03-24
654-X,,56-65,2025-05-05
576,Germany,46-55,2024-04-10
369-X,Netherlands,36-45,
554-X,France,56-65,2025-02-22
826,Portugal,26-35,2025-05-07
909,France,16-25,2024-05-14
380,Italy,46-55,
845,Germany,26-35,2025-02-23
741-X,Portugal,16-25,2025-03-23
191,Germany,16-25,2025-03-20
CUST-157,Italy,56-65,2025-05-11
679,Portugal,26-35,2024-12-14
CUST-71-X,,,2024-06-09
491,France,36-45,2024-12-13
928,Netherlands,36-45,2025-03-24
529,Netherlands,56-65,2025-02-14
101,France,16-25,2024-12-29
870,Italy,36-45,2024-12-03
325,Germany,,2025-03-26
517,Netherlands,26-35,2025-02-03
564,Italy,26-35,2025-02-23
497,Germany,,2025-02-10
702,Portugal,46-55,2025-06-08
16,Germany,26-35,2025-04-05
926,France,56-65,2024-01-22
987,Portugal,46-55,2025-04-24
CUST-144,,46-55,2025-03-09
885,,56-65,2025-04-10
502,France,16-25,2025-01-19
CUST-453,France,16-25,2025-02-08
CUST-251,,16-25,2024-07-31
985,,,
920,Spain,16-25,2025-02-22
948,Spain,26-35,2025-01-25
CUST-186,Netherlands,46-55,2025-03-27
717,Spain,46-55,2024-11-03
230,France,56-65,2025-02-26
978,France,36-45,2025-04-10
872,Netherlands,26-35,2025-02-07
684,Netherlands,56-65,2025-04-06
287,France,26-35,2024-01-15
901,Spain,26-35,2024-10-30
887,Italy,16-25,2025-03-20
484,France,56-65,2025-04-26
918,France,16-25,2024-02-02
902,Italy,16-25,2025-02-07
437,Italy,36-45,2024-01-13
956,Portugal,46-55,2025-04-02
429,France,36-45,2024-08-24
688,Italy,46-55,2025-04-02
890,Italy,16-25,2024-03-08
624,Spain,36-45,2025-03-11
211,France,16-25,2025-01-24
508,Italy,16-25,2025-03-18
653,Portugal,36-45,2025-05-12
747,Spain,36-45,2024-04-08
876,Italy,46-55,2025-03-10
922,Spain,16-25,2025-04-25
342,Netherlands,36-45,2025-04-24
836,Germany,56-65,2025-05-20
324,Italy,46-55,2024-07-19
731,Portugal,36-45,2024-12-25
544,Germany,,2024-04-05
214,Spain,16-25,2024-09-16
958,Germany,56-65,2025-02-23
476,Germany,56-65,2025-03-03
368,France,26-35,2024-09-11
549,Spain,46-55,2024-06-28
570,Spain,16-25,2025-04-13
CUST-967,Italy,26-35,2024-11-12
820,Spain,56-65,2025-01-29
927,Portugal,56-65,2024-08-25
950,,26-35,2024-10-10
165,France,26-35,2025-03-12
553,France,36-45,2025-03-17
546,,36-45,
488,Germany,46-55,2025-04-06
241,Spain,46-55,2025-03-27
996,Germany,16-25,2025-05-08
786,Spain,56-65,2024-06-08
740,Spain,16-25,2025-03-09
476,Germany,56-65,2025-03-03
515,Germany,56-65,2025-03-21
238,France,16-25,2024-12-16
328,Germany,46-55,2024-11-23
221,Germany,36-45,2025-02-05
454,Italy,16-25,2024-02-14
639,Italy,56-65,2025-03-26
845-X,,26-35,
276,France,36-45,2024-09-08
268,Germany,46-55,2025-02-19
860,Germany,26-35,2024-06-01
930,Netherlands,46-55,2025-02-15
844,Netherlands,16-25,2024-04-22
299-X,Italy,26-35,2024-05-08
24,Spain,56-65,2024-04-12
102,France,16-25,2024-02-24
577,Netherlands,26-35,2025-04-29
CUST-692,France,56-65,2025-05-05
727,Portugal,26-35,2025-03-09
,Germany,36-45,2025-05-04
168,France,36-45,2025-01-23
137-X,France,,2025-01-22
965,Italy,46-55,2025-03-23
924-X,France,56-65,2025-01-05
243,Germany,16-25,2025-01-27
244,,,2025-03-13
438,,16-25,
696,France,46-55,2025-03-18
789,Portugal,16-25,2024-08-20
665,Portugal,26-35,2025-04-06
285,France,16-25,2025-02-10
438,Germany,16-25,2025-05-21
356,Germany,46-55,2024-08-14
202,Netherlands,36-45,2025-05-16
531,Spain,26-35,2025-04-01
470,Italy,56-65,2025-04-05
607,France,36-45,2025-02-17
940,Italy,46-55,2024-09-20
513,France,46-55,2025-06-12
177,Italy,56-65,2025-03-16
682,Portugal,16-25,2025-03-10
,France,36-45,2025-04-15
38,Spain,26-35,2025-06-03
121,Italy,16-25,2024-11-24
698,Portugal,36-45,2025-04-05
CUST-913-X,Portugal,26-35,2025-01-27
153,France,26-35,2025-05-21
663,Netherlands,26-35,2025-03-08
193,France,16-25,2024-07-24
908,Germany,16-25,2025-02-13
481,France,56-65,2025-05-09
858,Germany,16-25,2025-04-10
CUST-253,France,26-35,2025-04-01
307,Italy,56-65,2024-03-21
442,Germany,16-25,2025-04-22
2,France,36-45,2025-02-24
991,Netherlands,46-55,2024-08-07
330,Germany,16-25,2025-02-21
479,Netherlands,56-65,2024-02-13
564,Italy,26-35,2025-02-23
707,France,46-55,
CUST-772,Spain,,2025-01-29
610,France,16-25,2025-04-12
526,France,26-35,2024-09-15
666,Germany,16-25,2024-08-27
524,France,16-25,2024-08-20
57,France,16-25,2024-12-09
656,Germany,56-65,2025-03-24
496,Italy,16-25,2025-03-31
960,Germany,56-65,2025-01-13
744,Italy,36-45,2025-02-18
393,France,46-55,2025-04-09
82,France,16-25,2024-02-18
848,Netherlands,36-45,2024-12-05
452-X,,56-65,2024-06-18
821,Italy,46-55,2024-04-25
615,Portugal,46-55,2025-04-06
896,Portugal,46-55,2025-04-10
661,Spain,16-25,2025-01-29
6,Spain,46-55,2024-12-14
443,Spain,16-25,2024-07-05
181-X,Italy,36-45,2025-06-12
852,Portugal,46-55,2025-03-24
985,Germany,46-55,2024-01-17
421,Germany,16-25,2024-04-05
893,Netherlands,46-55,2024-10-15
CUST-490,Germany,56-65,
64,Spain,16-25,2025-01-20
830,Italy,56-65,2025-02-26
575,,26-35,
571,Netherlands,56-65,2025-01-21
CUST-631,Portugal,36-45,2025-02-04
477,Spain,16-25,2025-02-23
309,Spain,46-55,2025-04-18
112-X,France,26-35,2025-04-13
652,Germany,56-65,2025-03-15
374,Italy,16-25,2025-03-03
351,France,36-45,2024-12-25
913,Portugal,26-35,2025-01-27
979,Spain,16-25,2024-02-04
571,Netherlands,56-65,2025-01-21
850,Netherlands,16-25,2024-09-10
932,France,26-35,2025-03-12
439,Germany,36-45,2025-05-11
748,,46-55,2025-03-09
CUST-88-X,Germany,36-45,2025-04-10
72,Spain,36-45,2025-02-20
256,Italy,16-25,2025-05-13
642,Portugal,46-55,2025-05-14
885,Spain,56-65,2025-04-10
CUST-344-X,Netherlands,16-25,2025-04-03
939,Netherlands,56-65,2025-03-13
829,Portugal,26-35,2025-04-15
863,Germany,16-25,2025-03-07
217,Italy,56-65,2025-04-10
586,Portugal,56-65,2024-01-02
675,Italy,36-45,2025-01-19
164,Spain,56-65,2024-04-01
194,Netherlands,16-25,2025-04-22
246,Spain,26-35,2025-05-02
289-X,Netherlands,,
737,Italy,46-55,2024-09-23
967,Italy,26-35,2024-11-12
475,Italy,26-35,2025-03-15
83,Germany,56-65,2024-02-28
52,France,16-25,2024-05-29
619,Italy,26-35,2025-02-19
CUST-217,,56-65,2025-04-10
530,Spain,26-35,2024-05-16
615,,46-55,2025-04-06
604,Italy,46-55,2025-04-17
494,,36-45,2024-08-18
426,Spain,56-65,2024-08-18
716,France,26-35,2024-07-17
CUST-516,Germany,,2025-03-27
512,Germany,56-65,2025-02-01
667,Netherlands,36-45,2024-05-23
781,Netherlands,56-65,2024-05-19
85,Italy,56-65,2024-07-06
34,France,56-65,2025-01-07
846,Portugal,46-55,2025-02-25
116,Netherlands,,2025-02-27
135,France,36-45,2025-01-21
536,France,56-65,2024-08-21
273,France,16-25,2025-03-01
166,France,46-55,2025-01-01
223,Germany,16-25,2025-03-27
903,Spain,16-25,2025-04-04
551,France,16-25,2025-03-11
520,Netherlands,16-25,2024-04-30
505,,,2025-03-28
5,Spain,26-35,
462,Italy,36-45,2025-03-08
978,,36-45,2025-04-10
511,France,16-25,2025-04-18
355-X,Spain,,2025-03-24
306,Germany,26-35,2024-05-18
792,Italy,16-25,2025-03-06
212,Spain,46-55,2024-02-23
205,Netherlands,26-35,2024-12-25
802,Spain,36-45,2025-03-03
542-X,France,46-55,
125,Germany,46-55,
825,Netherlands,26-35,2025-02-09
397,France,36-45,2025-02-08
714,Portugal,46-55,2025-03-22
53,Italy,46-55,2025-05-12
239,Netherlands,46-55,2024-10-30
952,Italy,16-25,2025-03-14
167,France,46-55,2025-03-07
420,Germany,36-45,2025-03-07
701,Spain,26-35,2025-02-06
981,Spain,26-35,2025-04-29
266,Italy,46-55,2024-10-06
589,Italy,16-25,2024-05-09
623,Netherlands,16-25,2025-03-14
597,Netherlands,36-45,2025-01-19
523,France,26-35,2024-04-25
769-X,Italy,46-55,
59,Germany,16-25,2025-03-09
227,France,46-55,2025-04-23
503,Italy,16-25,2025-04-08
323,Netherlands,26-35,2025-04-03
440,Italy,16-25,2024-06-08
405,Germany,26-35,2024-03-03
947,Netherlands,16-25,2024-10-12
CUST-872,Netherlands,26-35,2025-02-07
150,France,46-55,2025-06-06
583,Netherlands,36-45,2024-03-21
204,Germany,16-25,2025-05-03
559,Italy,26-35,2024-10-21
81,Germany,46-55,2025-04-03
425,Italy,46-55,2025-02-10
125,Germany,46-55,2025-05-05
206,Spain,36-45,2025-04-29
452,France,56-65,2024-06-18
545,Germany,16-25,2025-04-22
835,Portugal,46-55,2025-04-26
435,Netherlands,36-45,2025-02-17
411,Germany,56-65,2025-04-13
500,Germany,56-65,2025-04-20
990,Spain,46-55,2025-02-27
741,Portugal,16-25,2025-03-23
839,,36-45,
209,Netherlands,46-55,2025-01-22
685,Spain,36-45,2025-04-14
767,Netherlands,36-45,2025-05-01
564,,26-35,2025-02-23
CUST-806,Italy,26-35,2025-05-02
260,Netherlands,36-45,2024-12-03
54,Italy,26-35,2025-02-13
580,Italy,46-55,2025-05-06
33,Italy,56-65,2025-02-26
CUST-266,Italy,46-55,2024-10-06
5,Spain,26-35,2025-04-26
490,Germany,56-65,2025-01-22
592,France,16-25,2024-12-08
861,,26-35,
655,Italy,56-65,2025-03-20
986,Netherlands,16-25,2025-03-24
20,France,26-35,2025-04-20
478,Germany,56-65,2024-04-17
,Germany,46-55,2025-05-10
973,Italy,56-65,2025-03-22
917,Germany,26-35,2024-05-07
643,Portugal,16-25,2025-02-26
160,Germany,56-65,2025-02-12
566,Italy,36-45,2025-02-11
590,Germany,26-35,2024-08-07
602,Portugal,16-25,2025-05-09
283,France,56-65,2025-04-13
79,Spain,16-25,2024-08-23
364,Spain,46-55,2024-01-05
938,France,26-35,2024-02-20
237,Germany,46-55,2025-02-14
720,Spain,46-55,2025-03-21
866,Spain,36-45,2025-01-18
709,Germany,36-45,2025-03-26
169,Germany,36-45,2025-03-19
107,Germany,46-55,2025-04-06
853,Germany,26-35,2024-08-14
52,,16-25,2024-05-29
638,France,46-55,2025-04-11
185,France,16-25,2024-02-04
292,Germany,16-25,2024-12-10
489,Germany,56-65,2025-05-17
385,Germany,46-55,2025-04-11
234,Italy,26-35,2025-02-11
651,France,16-25,2024-07-16
822,Germany,56-65,2025-04-30
433,France,16-25,2024-01-29
648,Germany,36-45,2025-02-18
721,Netherlands,16-25,2025-02-27
555,Spain,26-35,2024-02-21
944,Spain,16-25,2024-08-13
231,France,16-25,2025-02-21
995,Germany,56-65,2024-02-15
100,Italy,26-35,2025-01-30
233,France,26-35,2025-03-27
61,Spain,46-55,2024-10-20
CUST-83,,56-65,2024-02-28
516,Germany,,2025-03-27
185,France,16-25,2024-02-04
29,Spain,56-65,2025-03-27
934-X,Portugal,26-35,2024-08-17
229,France,46-55,2024-07-20
CUST-114,Italy,16-25,2024-05-14
925,France,16-25,2025-01-09
968,Italy,16-25,2025-04-16
CUST-982,Italy,56-65,
955,Portugal,26-35,2025-04-14
565,Spain,46-55,2025-05-08
824,Italy,46-55,2024-03-15
631,Portugal,36-45,2025-02-04
897,France,56-65,2025-03-18
CUST-214-X,Spain,16-25,
837,Germany,46-55,2025-03-02
456,Italy,26-35,2025-01-31
314,Germany,26-35,2025-03-19
394,Spain,56-65,2025-03-03
CUST-39,France,,2025-04-05
540,Germany,56-65,2024-11-10
490,Germany,56-65,2025-01-22
446,Spain,46-55,2024-08-30
999,Germany,56-65,2025-02-21
317,Italy,46-55,2024-08-18
563,Netherlands,46-55,2025-04-06
CUST-16,Germany,26-35,2025-04-05
313,France,16-25,2025-01-13
21,France,56-65,2025-03-31
759,France,36-45,2025-02-09
194,Netherlands,16-25,2025-04-22
447,France,26-35,2025-03-19
107,Germany,46-55,2025-04-06
772,Spain,16-25,2025-01-29
881,Portugal,36-45,2025-03-03
764,,26-35,2025-05-12
142,Italy,36-45,2024-08-29
575,Netherlands,26-35,2025-04-15
CUST-757-X,Italy,36-45,
879,Netherlands,46-55,2025-05-21
300,France,56-65,2024-05-15
198,Germany,26-35,2025-03-14
95,Italy,46-55,2024-06-23
497,Germany,36-45,2025-02-10
947,Netherlands,16-25,2024-10-12
482,Italy,56-65,2024-10-12
598,Portugal,16-25,2025-02-06
894,Netherlands,,2025-02-01
267,Spain,46-55,2025-02-13
463,Spain,16-25,2025-03-16
687,France,26-35,2025-05-09
404,Germany,56-65,2025-03-26
726,Germany,56-65,2025-04-03
442-X,Germany,16-25,
207,Germany,16-25,2025-04-12
539,Germany,26-35,2024-05-31
803,Italy,36-45,2024-07-26
745,Italy,46-55,2025-04-10
894,Netherlands,36-45,2025-02-01
43,,56-65,2025-04-07
950,Italy,26-35,2024-10-10
14,Germany,46-55,2025-03-08
250,Netherlands,36-45,2024-10-22
669,Netherlands,36-45,2024-07-19
959,Spain,26-35,2025-04-02
589-X,Italy,16-25,
332,Netherlands,46-55,2024-02-02
973,Italy,,2025-03-22
834,Netherlands,26-35,2025-04-19
966,,46-55,2025-03-28
311,Italy,26-35,2025-02-22
299,Italy,26-35,2024-05-08
450,Spain,46-55,2024-03-06
994,Spain,26-35,2024-06-06
60,Italy,56-65,2025-02-17
112,France,26-35,2025-04-13
CUST-684-X,Netherlands,56-65,2025-04-06
122,Germany,36-45,2025-02-08
270,Germany,26-35,2025-02-27
CUST-91,Netherlands,16-25,2025-04-02
CUST-74,France,36-45,
44,Germany,26-35,2024-12-25
571,Netherlands,56-65,2025-01-21
11,,16-25,2024-07-07
867,France,46-55,2025-03-27
614,Netherlands,26-35,2024-08-05
722,Italy,26-35,2024-05-07
838,Spain,46-55,2025-03-27
264,Netherlands,56-65,2025-03-23
797,Netherlands,46-55,2024-05-26
367,Netherlands,46-55,2025-03-19
,Germany,26-35,2024-06-01
957,,16-25,2025-01-18
729,Portugal,36-45,2025-04-24
678,Italy,46-55,2024-11-21
156,France,26-35,2025-01-20
261,France,56-65,2025-01-01
203,Italy,46-55,2025-04-18
828,France,16-25,2025-03-08
430,France,46-55,2024-05-22
556,Italy,16-25,2025-03-27
676,Portugal,26-35,2025-04-26
345-X,,,2024-04-08
51,Germany,56-65,2025-02-06
548,Germany,36-45,2025-03-09
982,Italy,56-65,2025-01-27
708,Netherlands,36-45,2024-12-11
859,France,56-65,2024-04-08
17,France,26-35,2025-04-17
CUST-157,Italy,,2025-05-11
84,,,2024-06-18
480,Spain,16-25,2024-12-05
,Germany,56-65,2025-02-01
257,Germany,26-35,2024-08-24
308,Netherlands,36-45,2025-01-26
535,Germany,56-65,2024-11-02
387,France,46-55,2025-02-04
369,Netherlands,36-45,2025-04-01
496,Italy,16-25,2025-03-31
259,Germany,36-45,2025-03-25
107,,46-55,2025-04-06
CUST-399,,,
777,,36-45,2025-05-02
116,Netherlands,56-65,2025-02-27
884,Spain,26-35,2025-04-13
170,France,36-45,2025-04-12
504,Netherlands,16-25,2025-04-21
745,Italy,46-55,2025-04-10
372,Italy,36-45,2024-12-24
45,Italy,46-55,2024-05-31
CUST-940,Italy,46-55,2024-09-20
49,Netherlands,16-25,2025-04-03
814,Italy,46-55,2024-04-29
448,France,26-35,2024-03-26
65,Spain,16-25,2025-05-09
599-X,Italy,,2024-05-05
522,Spain,16-25,2025-02-12
273,France,,2025-03-01
856,France,46-55,2024-04-21
868,Portugal,16-25,2024-12-31
941,Italy,56-65,2024-10-09
538,Netherlands,46-55,2025-04-01
932,France,26-35,2025-03-12
621-X,Italy,36-45,2024-09-03
590,Germany,26-35,2024-08-07
88,Germany,36-45,2025-04-10
431,France,46-55,2024-06-19
,Spain,46-55,2025-04-19
441,Germany,36-45,2024-11-22
660,Italy,56-65,2025-04-23
550,Germany,56-65,2024-04-22
232,Spain,56-65,2025-03-21
460,Netherlands,56-65,2025-02-24
CUST-180,Germany,56-65,2025-02-13
216,Netherlands,16-25,2024-11-05
776-X,,56-65,2025-03-18
789,Portugal,16-25,2024-08-20
CUST-147,Germany,36-45,2025-02-13
736,Germany,26-35,2025-02-19
903,Spain,16-25,2025-04-04
274,Germany,16-25,2025-04-02
247,Netherlands,46-55,2025-02-14
199,Italy,36-45,2025-02-23
780,Portugal,16-25,2025-03-28
534,Italy,56-65,2024-08-12
567,Netherlands,26-35,2025-04-19
331,Spain,56-65,2025-04-02
475,Italy,26-35,2025-03-15
376,Germany,36-45,2025-04-16
151,Spain,56-65,2025-04-02
817,Netherlands,56-65,2025-02-11
584,Italy,26-35,2024-07-05
103-X,France,56-65,2025-02-17
CUST-88,Germany,36-45,2025-04-10
537,Netherlands,36-45,2024-06-20
757,Italy,36-45,2024-12-11
297,France,56-65,2024-12-09
961,Germany,56-65,2025-03-24
530,Spain,26-35,2024-05-16
568,Netherlands,,
734,Netherlands,46-55,2025-03-28
196,Italy,16-25,2025-05-16
CUST-569,,36-45,2025-03-18
791,Portugal,16-25,2025-04-05
304,France,36-45,2025-03-13
599,Italy,36-45,2024-05-05
95,Italy,46-55,2024-06-23
CUST-100,Italy,,2025-01-30
CUST-192,,46-55,2025-03-03
924,France,56-65,2025-01-05
389,Italy,16-25,2024-12-11
562,Germany,16-25,2025-04-30
109,France,26-35,2025-04-17
988,Portugal,16-25,2025-02-23
CUST-73,Italy,26-35,
444,Germany,26-35,2025-01-28
457,Germany,16-25,2025-04-23
77,Netherlands,36-45,2024-01-22
CUST-750-X,Spain,46-55,2025-04-10
539,Germany,26-35,2024-05-31
27,Italy,16-25,2025-03-11
911,Spain,36-45,2025-02-04
253,France,26-35,2025-04-01
176,Germany,26-35,2025-04-28
43,Germany,56-65,2025-04-07
76,Germany,56-65,2025-02-17
880,Portugal,16-25,2025-01-07
514,France,56-65,2024-10-09
742-X,Portugal,56-65,
847,Spain,56-65,2024-04-13
128,Netherlands,56-65,2025-03-09
73,Italy,26-35,2024-11-09
900,Germany,36-45,2025-03-04
,Italy,56-65,2025-01-26
67,France,36-45,2025-03-19
CUST-192,Spain,46-55,2025-03-03
382,Netherlands,56-65,2024-07-25
41,Germany,36-45,2025-04-06
CUST-881,,,2025-03-03
945,Germany,16-25,2024-10-03
690,Spain,46-55,2025-04-30
408,Germany,46-55,2025-03-29
746,Italy,36-45,2024-10-24
865,Netherlands,16-25,2025-02-05
329,Netherlands,26-35,2024-09-24
321,Germany,36-45,2025-04-27
983,Germany,36-45,2025-04-21
8,Netherlands,46-55,2024-04-16
222,Netherlands,16-25,2024-08-05
975,Netherlands,46-55,2025-04-19
632,Portugal,46-55,2024-09-11
573,Italy,36-45,2024-04-22
330,Germany,,2025-02-21
181,Italy,36-45,2025-06-12
235,Italy,56-65,2025-04-08
557,Spain,56-65,2025-01-22
715,Germany,26-35,2024-12-17
628-X,France,46-55,
71,France,46-55,2024-06-09
568,Netherlands,26-35,2025-01-20
453,France,16-25,2025-02-08
271,Germany,16-25,2025-03-13
548,Germany,36-45,2025-03-09
629,Italy,26-35,2024-07-02
776,Portugal,56-65,2025-03-18
263,France,16-25,2025-04-11
50,Spain,26-35,2024-05-10
104-X,Netherlands,56-65,
124,France,36-45,
114,Italy,16-25,2024-05-14
912,Germany,,2025-02-24
339,France,16-25,2025-04-16
210,Spain,,2024-01-02
527,France,46-55,2024-12-24
118,Italy,16-25,2025-02-15
755,France,26-35,2024-09-08
761,Netherlands,36-45,2025-04-15
161,Spain,36-45,2025-03-26
78,Netherlands,16-25,2024-09-09
CUST-946,France,16-25,2025-04-03
769,Italy,46-55,2025-04-19
CUST-728,Netherlands,56-65,2025-04-02
3,Netherlands,46-55,2024-04-12
CUST-132-X,France,46-55,2025-02-26
895,France,26-35,2025-04-28
399,Italy,56-65,2024-06-27
278,Spain,56-65,2024-07-06
395,Spain,26-35,2025-01-14
873,France,,2025-04-01
168,France,36-45,
739,Portugal,26-35,2025-02-09
598,Portugal,16-25,2025-02-06
CUST-54,Italy,,2025-02-13
666,Germany,16-25,2024-08-27
CUST-271,Germany,16-25,
970,Germany,56-65,2025-04-18
162,Germany,36-45,2025-03-05
CUST-979-X,Spain,16-25,2024-02-04
CUST-485-X,Netherlands,36-45,2025-02-11
119,Germany,46-55,2024-01-21
518,Germany,46-55,2025-03-29
861,Portugal,26-35,2025-02-19
CUST-500,Germany,,2025-04-20
